food,uses,our_kcal,usda_kcal,delta_pct,our_protein,usda_protein,our_carbs,usda_carbs,our_fat,usda_fat,usda_match,data_type
"cumin",167,375,375.0,0.0,18,17.8,44,44.2,22,22.3,"Spices, cumin seed",SR Legacy
"olive oil",103,884,884.0,0.0,0,0.0,0,0.0,100,100.0,"Oil, olive, salad or cooking",SR Legacy
"garlic",96,149,143.0,-4.0,6.4,6.6,33,28.2,0.5,0.4,"Garlic, raw",Foundation
"tahini",94,595,592.0,-0.5,17,17.4,21,21.5,54,53.0,"Seeds, sesame butter, tahini, type of kernels unspecified",SR Legacy
"avocado",91,160,167.0,4.4,2,2.0,8.5,8.6,15,15.4,"Avocados, raw, California",SR Legacy
"egg whites",77,52,52.0,0.0,11,10.9,0.7,0.7,0.2,0.2,"Egg, white, raw, fresh",SR Legacy
"baby spinach",77,23,23.0,0.0,2.9,2.9,3.6,3.6,0.4,0.4,"Spinach, raw",SR Legacy
"grated cheddar",77,402,408.0,1.5,25,23.3,1.3,2.4,33,34.0,"Cheese, cheddar",Foundation
"crumbled feta",76,264,265.0,0.4,14,14.2,4.1,3.9,21,21.5,"Cheese, feta",SR Legacy
"mixed nuts",76,607,594.0,-2.1,20,17.3,21,25.4,54,51.4,"Nuts, mixed nuts, dry roasted, with peanuts, with salt added",SR Legacy
"cherry tomatoes",75,18,18.0,0.0,0.9,0.9,3.9,3.9,0.2,0.2,"Tomatoes, red, ripe, raw, year round average",SR Legacy
"smoked paprika",75,282,282.0,0.0,14,14.1,54,54.0,13,12.9,"Spices, paprika",SR Legacy
"kale",73,35,35.0,0.0,2.9,2.9,4.4,4.4,1.5,1.5,"Kale, raw",SR Legacy
"lime",72,30,30.0,0.0,0.7,0.7,11,10.5,0.2,0.2,"Limes, raw",SR Legacy
"chia seeds",70,486,486.0,0.0,17,16.5,42,42.1,31,30.7,"Seeds, chia seeds, dried",SR Legacy
"lemon juice",70,22,22.0,0.0,0.4,0.3,6.9,6.9,0.2,0.2,"Lemon juice, raw",SR Legacy
"oregano",70,265,265.0,0.0,9,9.0,69,68.9,4.3,4.3,"Spices, oregano, dried",SR Legacy
"wholegrain bread",63,247,252.0,2.0,13,12.4,41,42.7,3.4,3.5,"Bread, whole-wheat, commercially prepared",SR Legacy
"cinnamon",63,247,253.0,2.4,4,7.0,81,44.4,1.2,5.3,"Bread, cinnamon",SR Legacy
"salmon fillet",61,208,208.0,0.0,20,20.4,0,0.0,13,13.4,"Fish, salmon, Atlantic, farmed, raw",SR Legacy
"basil",61,23,23.0,0.0,3.2,3.1,2.7,2.6,0.6,0.6,"Basil, fresh",SR Legacy
"quinoa",59,120,120.0,0.0,4.4,4.4,21,21.3,1.9,1.9,"Quinoa, cooked",SR Legacy
"red onion",58,40,44.0,10.0,1.1,0.9,9.3,9.9,0.1,0.1,"Onions, red, raw",Foundation
"mixed peppers",57,26,26.0,0.0,1,1.0,6,6.0,0.3,0.3,"Peppers, sweet, red, raw",SR Legacy
"firm tofu",56,144,144.0,0.0,17,17.3,2.8,2.8,8.7,8.7,"Tofu, raw, firm, prepared with calcium sulfate",SR Legacy
"whole eggs",55,143,143.0,0.0,12.6,12.6,0.7,0.7,9.5,9.5,"Egg, whole, raw, fresh",SR Legacy
"soba noodles",53,99,99.0,0.0,5.1,5.1,21,21.4,0.1,0.1,"Noodles, japanese, soba, cooked",SR Legacy
"tenderstem broccoli",53,31,31.0,0.0,2.6,2.6,6.3,6.3,0.3,0.3,"Broccoli, raw",Foundation
"mixed salad leaves",53,17,15.0,-11.8,1.4,1.4,2.9,2.9,0.2,0.1,"Lettuce, green leaf, raw",SR Legacy
"white potato",52,77,77.0,0.0,2,2.0,17,17.5,0.1,0.1,"Potatoes, flesh and skin, raw",SR Legacy
"green beans",51,31,33.0,6.5,1.8,2.3,7,6.4,0.1,0.5,"Beans, snap, green, microwaved",SR Legacy
"asparagus tips",49,20,20.0,0.0,2.2,2.2,3.9,3.9,0.1,0.1,"Asparagus, raw",SR Legacy
"0% greek yogurt",48,59,61.0,3.4,10.3,10.3,3.6,3.6,0.4,0.4,"Yogurt, Greek, plain, nonfat",Foundation
"chestnut mushrooms",47,22,22.0,0.0,3.1,2.5,3.3,4.3,0.3,0.1,"Mushrooms, brown, italian, or crimini, raw",SR Legacy
"white basmati rice",46,130,123.0,-5.4,2.7,2.9,28,26.0,0.3,0.4,"Rice, white, long-grain, parboiled, enriched, cooked",SR Legacy
"turkey breast",45,114,114.0,0.0,23.7,23.7,0.1,0.1,1.5,1.5,"Turkey, whole, breast, meat only, raw",SR Legacy
"butter beans",42,79,79.0,0.0,4.9,4.9,14.9,14.9,0.2,0.2,"Lima beans, large, mature seeds, canned",SR Legacy
"bulgur wheat",42,83,83.0,0.0,3.1,3.1,19,18.6,0.2,0.2,"Bulgur, cooked",SR Legacy
"cottage cheese",40,84,84.0,0.0,11,11.0,4.3,4.3,2.3,2.3,"Cheese, cottage, lowfat, 2% milkfat",Foundation
"couscous",38,112,112.0,0.0,3.8,3.8,23,23.2,0.2,0.2,"Couscous, cooked",SR Legacy
"rye bread",37,259,259.0,0.0,8.5,8.5,48,48.3,3.3,3.3,"Bread, rye",SR Legacy
"wholewheat tortilla wrap",37,293,310.0,5.8,9,9.8,47,45.9,7,9.8,"Tortillas, ready-to-bake or -fry, whole wheat",SR Legacy
"broccoli florets",37,34,31.0,-8.8,2.8,2.6,6.6,6.3,0.4,0.3,"Broccoli, raw",Foundation
"edamame",36,121,121.0,0.0,12,11.9,8.9,8.9,5.2,5.2,"Edamame, frozen, prepared",SR Legacy
"haddock fillet",34,74,74.0,0.0,16.3,16.3,0,0.0,0.5,0.5,"Fish, haddock, raw",Foundation
"lentils",32,116,114.0,-1.7,9,9.0,20,19.5,0.4,0.4,"Lentils, mature seeds, cooked, boiled, with salt",SR Legacy
"wholewheat pasta",32,159,159.0,0.0,5.8,5.8,31.5,31.5,1.5,1.5,"Pasta, whole grain, 51% whole wheat, remaining unenriched semolina, cooked",SR Legacy
"cod fillet",31,82,82.0,0.0,18,17.8,0,0.0,0.7,0.7,"Fish, cod, Atlantic, raw",SR Legacy
"mackerel",31,205,205.0,0.0,19,18.6,0,0.0,14,13.9,"Fish, mackerel, Atlantic, raw",SR Legacy
"king prawns",27,85,85.0,0.0,20.1,20.1,0,0.0,0.5,0.5,"Crustaceans, shrimp, raw",SR Legacy
"tuna steak",26,109,109.0,0.0,24.4,24.4,0,0.0,0.5,0.5,"Fish, tuna, fresh, yellowfin, raw",SR Legacy
"black beans",24,132,132.0,0.0,8.9,8.9,24,23.7,0.5,0.5,"Beans, black, mature seeds, cooked, boiled, with salt",SR Legacy
"tempeh",23,192,192.0,0.0,20,20.3,7.6,7.6,11,10.8,"Tempeh",SR Legacy
"chickpeas",23,164,164.0,0.0,8.9,8.9,27,27.4,2.6,2.6,"Chickpeas (garbanzo beans, bengal gram), mature seeds, cooked, boiled, with salt",SR Legacy
"rice",22,130,123.0,-5.4,2.7,2.9,28,26.0,0.3,0.4,"Rice, white, long-grain, parboiled, enriched, cooked",SR Legacy
"parmesan",19,431,392.0,-9.0,38,35.8,4.1,3.2,29,25.0,"Cheese, parmesan, hard",SR Legacy
"full-fat cream cheese",19,342,350.0,2.3,6,6.2,4.1,5.5,34,34.4,"Cheese, cream",SR Legacy
"olives",17,81,81.0,0.0,1,1.0,5.6,5.6,6.9,6.9,"Olives, ripe, canned (jumbo-super colossal)",SR Legacy
"unsalted butter",15,717,717.0,0.0,0.9,0.8,0.1,0.1,81,81.1,"Butter, without salt",SR Legacy
"coconut oil",15,892,892.0,0.0,0,0.0,0,0.0,100,99.1,"Oil, coconut",SR Legacy
"soya protein",14,375,335.0,-10.7,88,88.3,3,0.0,1.5,3.4,"Soy protein isolate",SR Legacy
"halloumi",10,321,295.0,-8.1,22,7.1,2.2,3.5,25,28.6,"Cheese spread, cream cheese base",SR Legacy
"onion",10,40,40.0,0.0,1.1,1.1,9.3,9.3,0.1,0.1,"Onions, raw",SR Legacy
"banana",10,89,89.0,0.0,1.1,1.1,23,22.8,0.3,0.3,"Bananas, raw",SR Legacy
"sesame oil",9,884,884.0,0.0,0,0.0,0,0.0,100,100.0,"Oil, sesame, salad or cooking",SR Legacy
"leeks",8,61,61.0,0.0,1.5,1.5,14,14.2,0.3,0.3,"Leeks, (bulb and lower leaf-portion), raw",SR Legacy
"tamari",8,60,60.0,0.0,10.5,10.5,5.6,5.6,0.1,0.1,"Soy sauce made from soy (tamari)",SR Legacy
"turkey mince",7,150,148.0,-1.3,27,19.7,0,0.0,4.5,7.7,"Turkey, Ground, raw",SR Legacy
"soy sauce",7,53,53.0,0.0,8.1,8.1,4.9,4.9,0.6,0.6,"Soy sauce made from soy and wheat (shoyu)",SR Legacy
"sardines",6,208,208.0,0.0,25,24.6,0,0.0,11.5,11.4,"Fish, sardine, Atlantic, canned in oil, drained solids with bone",SR Legacy
"avocado slices",6,160,167.0,4.4,2,2.0,8.5,8.6,15,15.4,"Avocados, raw, California",SR Legacy
"hemp seeds",6,553,553.0,0.0,32,31.6,8.7,8.7,49,48.8,"Seeds, hemp seed, hulled",SR Legacy
"ginger",6,80,80.0,0.0,1.8,1.8,18,17.8,0.8,0.8,"Ginger root, raw",SR Legacy
"sunflower seeds",5,584,584.0,0.0,21,20.8,20,20.0,51,51.5,"Seeds, sunflower seed kernels, dried",SR Legacy
"honey",5,304,304.0,0.0,0.3,0.3,82,82.4,0,0.0,"Honey",SR Legacy
"parsley",5,36,36.0,0.0,3,3.0,6.3,6.3,0.8,0.8,"Parsley, fresh",SR Legacy
"eggs",4,143,143.0,0.0,12.6,12.6,0.7,0.7,9.5,9.5,"Egg, whole, raw, fresh",SR Legacy
"dry soya mince",4,336,263.0,-21.7,52,16.3,33,1.8,1,20.7,"Ham, minced",SR Legacy
"rice cakes",4,387,392.0,1.3,8.2,7.1,81,81.1,2.8,4.3,"Rice cake, cracker (include hain mini rice cakes)",SR Legacy
"spring onions",4,32,32.0,0.0,1.8,1.8,7.3,7.3,0.2,0.2,"Onions, spring or scallions (includes tops and bulb), raw",SR Legacy
"mango",4,60,60.0,0.0,0.8,0.8,15,15.0,0.4,0.4,"Mangos, raw",SR Legacy
"pumpkin seeds",4,559,559.0,0.0,30,30.2,11,10.7,49,49.0,"Seeds, pumpkin and squash seed kernels, dried",SR Legacy
"sesame seeds",4,573,573.0,0.0,18,17.7,23,23.4,50,49.7,"Seeds, sesame seeds, whole, dried",SR Legacy
"salsa",4,36,29.0,-19.4,1.5,1.4,7,6.7,0.2,0.2,"Sauce, salsa, ready-to-serve",Foundation
"whey",3,400,339.0,-15.3,80,11.7,8,73.4,6,0.5,"Whey, acid, dried",SR Legacy
"potato mash",3,88,89.0,1.1,2,1.6,15,14.6,2.3,2.8,"Fast foods, potato, mashed",SR Legacy
"granola",3,471,489.0,3.8,10,13.7,64,53.9,20,24.3,"Cereals ready-to-eat, granola, homemade",SR Legacy
"broccoli",3,34,31.0,-8.8,2.8,2.6,6.6,6.3,0.4,0.3,"Broccoli, raw",Foundation
"feta",2,264,265.0,0.4,14,14.2,4.1,3.9,21,21.5,"Cheese, feta",SR Legacy
"sour cream",2,198,198.0,0.0,2.4,2.4,4.6,4.6,19,19.4,"Cream, sour, cultured",SR Legacy
"zucchini",2,17,21.0,23.5,1.2,2.7,3.1,3.1,0.3,0.4,"Squash, zucchini, baby, raw",SR Legacy
"mushrooms",2,22,22.0,0.0,3.1,2.5,3.3,4.3,0.3,0.1,"Mushrooms, brown, italian, or crimini, raw",SR Legacy
"red cabbage",2,31,31.0,0.0,1.4,1.4,7.4,7.4,0.2,0.2,"Cabbage, red, raw",SR Legacy
"walnuts",2,654,654.0,0.0,15,15.2,14,13.7,65,65.2,"Nuts, walnuts, english",SR Legacy
"peanut butter",2,588,520.0,-11.6,25,25.9,20,35.6,50,34.0,"Peanut butter, smooth, reduced fat",SR Legacy
"coconut cream",2,330,357.0,8.2,3.6,1.2,6.6,53.2,34,16.3,"Nuts, coconut cream, canned, sweetened",SR Legacy
"crushed tomatoes",2,32,32.0,0.0,1.6,1.6,7,7.3,0.3,0.3,"Tomatoes, crushed, canned",SR Legacy
"new potatoes",2,77,77.0,0.0,2,2.0,17,17.5,0.1,0.1,"Potatoes, flesh and skin, raw",SR Legacy
"dry pasta",2,371,371.0,0.0,13,13.0,75,74.7,1.5,1.5,"Pasta, dry, unenriched",SR Legacy
"cooked basmati",2,130,123.0,-5.4,2.7,2.9,28,26.0,0.3,0.4,"Rice, white, long-grain, parboiled, enriched, cooked",SR Legacy
"wholemeal bread",2,247,252.0,2.0,13,12.4,41,42.7,3.4,3.5,"Bread, whole-wheat, commercially prepared",SR Legacy
"cod loin",2,82,82.0,0.0,18,17.8,0,0.0,0.7,0.7,"Fish, cod, Atlantic, raw",SR Legacy
"maple syrup",2,260,260.0,0.0,0,0.0,67,67.0,0.1,0.1,"Syrups, maple",SR Legacy
"capers",2,23,23.0,0.0,2.4,2.4,4.9,4.9,0.9,0.9,"Capers, canned",SR Legacy
"nori",2,35,35.0,0.0,5.8,5.8,5.1,5.1,0.3,0.3,"Seaweed, laver, raw",SR Legacy
"chilli flakes",2,318,349.0,9.7,12,8.9,57,83.3,17,0.5,"Onions, dehydrated flakes",SR Legacy
"chives",2,30,30.0,0.0,3.3,3.3,4.4,4.3,0.7,0.7,"Chives, raw",SR Legacy
"paprika",2,282,282.0,0.0,14,14.1,54,54.0,13,12.9,"Spices, paprika",SR Legacy
"egg",1,143,143.0,0.0,12.6,12.6,0.7,0.7,9.5,9.5,"Egg, whole, raw, fresh",SR Legacy
"silken tofu",1,55,62.0,12.7,5.8,6.9,2,2.4,2.7,2.7,"MORI-NU, Tofu, silken, firm",SR Legacy
"kidney beans",1,127,127.0,0.0,8.7,8.7,23,22.8,0.5,0.5,"Beans, kidney, red, mature seeds, cooked, boiled, with salt",SR Legacy
"pine nuts",1,673,673.0,0.0,14,13.7,13,13.1,68,68.4,"Nuts, pine nuts, dried",SR Legacy
"hoisin sauce",1,220,220.0,0.0,3.3,3.3,44,44.1,3.4,3.4,"Sauce, hoisin, ready-to-serve",SR Legacy
"cheddar",1,402,408.0,1.5,25,23.3,1.3,2.4,33,34.0,"Cheese, cheddar",Foundation
"low-fat mozzarella",1,254,254.0,0.0,24,24.3,2.8,2.8,16,15.9,"Cheese, mozzarella, part skim milk",SR Legacy
"sun-dried tomatoes",1,258,258.0,0.0,14,14.1,56,55.8,3,3.0,"Tomatoes, sun-dried",SR Legacy
"jacket potato",1,93,93.0,0.0,2.5,2.5,21,21.2,0.1,0.1,"Potatoes, baked, flesh and skin, with salt",SR Legacy
"pasta",1,371,371.0,0.0,13,13.0,75,74.7,1.5,1.5,"Pasta, dry, enriched",SR Legacy
"red pepper",1,31,26.0,-16.1,1,1.0,6,6.0,0.3,0.3,"Peppers, sweet, red, raw",SR Legacy
"dry spaghetti",1,371,372.0,0.3,13,13.4,75,74.8,1.5,1.6,"Spaghetti, spinach, dry",SR Legacy
"whole wheat pasta",1,348,362.0,4.0,14,13.5,71,73.1,2.5,2.7,"Pasta, whole grain, 51% whole wheat, remaining unenriched semolina, dry",SR Legacy
"pearl barley",1,123,123.0,0.0,2.3,2.3,28,28.2,0.4,0.4,"Barley, pearled, cooked",SR Legacy
"oat flour",1,404,404.0,0.0,15,14.7,66,65.7,9.1,9.1,"Oat flour, partially debranned",SR Legacy
"gram (chickpea) flour",1,387,387.0,0.0,22,22.4,58,57.8,6.7,6.7,"Chickpea flour (besan)",SR Legacy
"wholemeal toast",1,247,306.0,23.9,13,16.3,41,51.2,3.4,4.1,"Bread, whole-wheat, commercially prepared, toasted",SR Legacy
"wholemeal wrap",1,293,310.0,5.8,9,9.8,47,45.9,7,9.8,"Tortillas, ready-to-bake or -fry, whole wheat",SR Legacy
"wholemeal pitta",1,266,262.0,-1.5,9.8,9.8,53,55.9,1.6,1.7,"Bread, pita, whole-wheat",SR Legacy
"sourdough",1,260,272.0,4.6,9,10.8,51,51.9,1.8,2.4,"Bread, french or vienna (includes sourdough)",SR Legacy
"crackers",1,431,433.0,0.5,9,14.2,71,64.4,12,13.4,"Crackers, snack, Goya Crackers",SR Legacy
"pretzels",1,380,397.0,4.5,10,10.8,80,82.2,3,2.0,"Babyfood, pretzels",SR Legacy
"lean beef strips",1,137,117.0,-14.6,22,23.1,0,0.0,5,2.7,"Beef, grass-fed, strip steaks, lean only, raw",SR Legacy
"shrimp",1,85,85.0,0.0,20.1,20.1,0,0.0,0.5,0.5,"Crustaceans, shrimp, raw",SR Legacy
"white beans",1,139,139.0,0.0,9.7,9.7,25,25.1,0.4,0.3,"Beans, white, mature seeds, cooked, boiled, with salt",SR Legacy
"vanilla protein",1,375,335.0,-10.7,80,88.3,6,0.0,4,3.4,"Soy protein isolate",SR Legacy
"vanilla protein powder",1,375,388.0,3.5,80,55.6,6,28.9,4,5.6,"Beverages, Protein powder soy based",SR Legacy
"jam",1,258,278.0,7.8,0.4,0.4,64,68.9,0.1,0.1,"Jams and preserves",SR Legacy
"dried apricots",1,241,241.0,0.0,3.4,3.4,63,62.6,0.5,0.5,"Apricots, dried, sulfured, uncooked",SR Legacy
"pomegranate seeds",1,83,83.0,0.0,1.7,1.7,19,18.7,1.2,1.2,"Pomegranates, raw",SR Legacy
"kiwi",1,61,47.0,-23.0,1.1,0.0,15,12.3,0.5,0.0,"Beverages, Kiwi Strawberry Juice Drink",SR Legacy
"bell pepper",1,31,26.0,-16.1,1,1.0,6,6.0,0.3,0.3,"Peppers, sweet, red, raw",SR Legacy
"pak choi",1,13,13.0,0.0,1.5,1.5,2.2,2.2,0.2,0.2,"Cabbage, chinese (pak-choi), raw",SR Legacy
"radish",1,16,16.0,0.0,0.7,0.7,3.4,3.4,0.1,0.1,"Radishes, raw",SR Legacy
"corn tortillas",1,218,218.0,0.0,5.7,5.7,45,44.6,2.9,2.9,"Tortillas, ready-to-bake or -fry, corn",SR Legacy
"asparagus",1,20,20.0,0.0,2.2,2.2,3.9,3.9,0.1,0.1,"Asparagus, raw",SR Legacy
"leek",1,61,61.0,0.0,1.5,1.5,14,14.2,0.3,0.3,"Leeks, (bulb and lower leaf-portion), raw",SR Legacy
"miso paste",1,199,198.0,-0.5,12,12.8,26,25.4,6,6.0,"Miso",SR Legacy
"white miso paste",1,199,198.0,-0.5,12,12.8,26,25.4,6,6.0,"Miso",SR Legacy
"oyster sauce",1,51,51.0,0.0,1.4,1.4,11,10.9,0.3,0.3,"Sauce, oyster, ready-to-serve",SR Legacy
"sriracha",1,93,79.0,-15.1,1.9,1.9,19,15.9,0.9,0.9,"Sauce, hot chile, sriracha, TUONG OT SRIRACHA",SR Legacy
"flaxseed",1,534,534.0,0.0,18,18.3,29,28.9,42,42.2,"Seeds, flaxseed",SR Legacy
"dried wakame seaweed",1,45,45.0,0.0,3,3.0,9,9.1,0.6,0.6,"Seaweed, wakame, raw",SR Legacy
"tinned tuna in olive oil",1,189,198.0,4.8,25,29.1,0,0.0,10,8.2,"Fish, tuna, light, canned in oil, drained solids",SR Legacy
"tinned tuna",1,108,90.0,-16.7,25,19.0,0,0.1,0.8,0.9,"Fish, tuna, light, canned in water, drained solids",Foundation
"fresh thyme",1,101,101.0,0.0,5.6,5.6,24,24.4,1.7,1.7,"Thyme, fresh",SR Legacy
"tofu",0,144,144.0,0.0,17,17.3,2.8,2.8,8.7,8.7,"Tofu, raw, firm, prepared with calcium sulfate",SR Legacy
"tuna",0,108,90.0,-16.7,25,19.0,0,0.1,0.8,0.9,"Fish, tuna, light, canned in water, drained solids",Foundation